input_desc,match_claude,input_id,target_desc,target_id,is_match
"cheese, cheddar, reduced fat (includes foods for usda's food distribution program)","usda commodity, cheese, cheddar, reduced fat",1260,"cheese, cheddar (includes foods for usda's food distribution program)",,0
"chicken, broiler or fryers, breast, skinless, boneless, meat only, raw","chicken, broiler or fryers, breast, skinless, boneless, meat only, raw",5062,"chicken, broiler or fryers, breast, skinless, boneless, meat only, cooked, braised",,0
"turkey, whole, meat only, cooked, roasted","turkey, whole, meat only, cooked, roasted",5168,"turkey, whole, meat only, raw",,0
"bread, naan, whole wheat, commercially prepared, refrigerated","bread, whole-wheat, commercially prepared",28287,"bread, whole-wheat, commercially prepared, toasted",,0
"orange juice, frozen concentrate, unsweetened, undiluted, with added calcium","orange juice, frozen concentrate, unsweetened, undiluted",9213,"orange juice, frozen concentrate, unsweetened, diluted with 3 volume water",,0
"restaurant, chinese, vegetable chow mein, without meat or noodles","restaurant, chinese, vegetable chow mein, without meat or noodles",36624,"restaurant, chinese, fried rice, without meat",,0
"potatoes, mashed, ready-to-eat","potatoes, mashed, ready-to-eat",31036,"potatoes, hashed brown, home-prepared",,0
"cabbage, kimchi","cabbage, japanese style, fresh, pickled",11118,"cabbage, cooked",,0
"pizza, cheese topping, thin crust, frozen, cooked","pizza, cheese topping, thin crust, frozen, cooked",21505,"pizza, cheese topping, regular crust, frozen, cooked",,0
"bread, wheat, sprouted","bread, wheat, sprouted",28316,"bread, wheat with rye",,0
"chicken patty, frozen, cooked","chicken, breast, boiled, sliced",5324,"chicken pot pie, frozen entree, prepared",,0
"crackers, cheese, whole grain","crackers, whole-wheat",28303,"crackers, cheese, reduced fat",,0
"fast foods, chicken tenders","fast foods, chicken fillet sandwich, plain",21401,"fast foods, chicken fillet sandwich, with cheese",,0
"turkey breast, sliced, prepackaged","turkey breast, low salt, prepackaged or deli, luncheon meat",7081,"turkey, breast, boiled/smoked, sliced",,0
"turkey, ground, cooked","turkey, ground, cooked",5306,"turkey sausage, fresh, cooked",,0
"beef, round, eye of round roast, boneless, separable lean only, trimmed to 0"" fat, all grades, raw","beef, round, eye of round roast, separable lean only, trimmed to 0"" fat, all grades, raw",23360,"beef, round, eye of round, roast, separable lean only, trimmed to 1/8"" fat, all grades, raw",,0
"restaurant, chinese, chicken and vegetables","restaurant, chinese, chicken and vegetables",36626,"restaurant, chinese, chicken chow mein",,0
"jams, preserves, marmalade, reduced sugar",jams and preserves,43344,"jams and preserves, apricot",,0
"fast food, biscuit","fast foods, biscuit, with sausage",21142,"fast foods, biscuit, with ham",,0
"tortillas, ready-to-bake or -fry, whole wheat","tortillas, ready-to-bake or -fry, whole wheat",28295,"tortillas, ready-to-bake or -fry, flour, shelf stable",,0
"cereals ready-to-eat, nature's path, organic flax plus flakes","cereals ready-to-eat, nature's path, organic flax plus flakes",8656,"cereals ready-to-eat, nature's path, optimum",,0
"cookies, sugar wafer, chocolate-covered","cookies, chocolate wafers",28311,"cookies, sugar wafers with creme filling, regular",,0
"restaurant, family style, coleslaw","coleslaw, home-prepared",36035,"restaurant, family style, sirloin steak",,0
"sauce, enchilada, red, mild, ready to serve","sauce, salsa, ready-to-serve",27063,"sauce, salsa, verde, ready-to-serve",,0
"rolls, dinner, sweet","sweet rolls, cheese",28348,"rolls, dinner, rye",,0
"soup, beef barley, ready to serve","soup, chunky beef, canned, ready-to-serve",27062,"soup, beef broth or bouillon canned, ready-to-serve",,0
"restaurant, chinese, orange chicken","restaurant, chinese, sweet and sour chicken",36629,"restaurant, chinese, lemon chicken",,0
"beverages, chocolate powder, no sugar added","cocoa mix, no sugar added, powder",14063,"beverage, instant breakfast powder, chocolate, not reconstituted",,0
"snacks, potato chips, lightly salted","snacks, potato chips, plain, salted",25064,"snacks, potato chips, plain, unsalted",,0
"lamb, ground, cooked, broiled","veal, ground, cooked, broiled",17225,"lambs quarters, cooked, boiled, drained, with salt",,0
"cookies, coconut macaroon","cookies, coconut macaroons, prepared from recipe",28309,"archway home style cookies, coconut macaroon",,0
"beef, round, top round roast, boneless, separable lean and fat, trimmed to 0"" fat, all grades, cooked, roasted","beef, round, top round roast, separable lean and fat, trimmed to 0"" fat, all grades, cooked, roasted",23348,"beef, round, tip round, roast, separable lean and fat, trimmed to 0"" fat, all grades, cooked, roasted",,0
"salad dressing, mayonnaise-type, light","salad dressing, mayonnaise-type, light",4709,"salad dressing, mayonnaise, light",,0
"frankfurter, meat and poultry, unheated","frankfurter, meat and poultry, low fat",7962,"frankfurter, meat, heated",,0
"bread, cinnamon","spices, cinnamon, ground",28315,"bread, oat bran",,0
"cookies, brownies, commercially prepared, reduced fat, with added fiber","cookies, brownies, commercially prepared, reduced fat, with added fiber",28298,"cookies, brownies, commercially prepared",,0
"beef, loin, top loin steak, boneless, lip off, separable lean only, trimmed to 0"" fat, all grades, raw","beef, short loin, top loin, steak, separable lean only, trimmed to 1/8"" fat, all grades, raw",23369,"beef, loin, top sirloin cap steak, boneless, separable lean and fat, trimmed to 1/8"" fat, all grades, raw",,0
"bread, french or vienna, whole wheat",whole wheat bread,28318,"bread, french or vienna (includes sourdough)",,0
"game meat, bison, separable lean only, cooked, roasted","game meat, bison, cooked, roasted",17157,"game meat, deer, loin, separable lean only, 1"" steak, cooked, broiled",,0
"fast foods, submarine sandwich, turkey breast on white bread with lettuce and tomato","fast foods, submarine sandwich, with turkey breast",21155,"fast foods, submarine sandwich, with roast beef",,0
"macaroni or noodles with cheese, microwaveable, unprepared","macaroni and cheese, canned, microwavable",32016,"macaroni and cheese dinner with dry sauce mix, boxed, uncooked",,0
"sweet potatoes, french fried, frozen as packaged, salt added in processing","sweet potato, frozen, cooked, baked, with salt",31023,"potatoes, french fried, crinkle or regular cut, salt added in processing, frozen, as purchased",,0
"turkey, all classes, light meat, cooked, roasted","turkey, breast, boiled/smoked, sliced",5186,"turkey, whole, meat only, raw",,0
"chicken, broilers or fryers, drumstick, meat and skin, cooked, roasted","chicken, broiler or fryers, drumstick, meat and skin, cooked, roasted",5069,"chicken, broiler or fryers, breast, skinless, boneless, meat only, cooked, braised",,0
"chicken, broilers or fryers, dark meat, drumstick, meat only, cooked, roasted","chicken, drumstick, flesh and skin, raw",5073,"chicken, broiler or fryers, breast, skinless, boneless, meat only, cooked, braised",,0
"chicken, broilers or fryers, dark meat, drumstick, meat and skin, cooked, braised","chicken, drumstick, flesh and skin, raw",5676,"chicken, broiler or fryers, breast, skinless, boneless, meat only, cooked, braised",,0
"chicken, broilers or fryers, drumstick, meat only, cooked, braised","chicken, broiler or fryers, drumstick, meat only, cooked, braised",5671,"chicken, broiler or fryers, breast, skinless, boneless, meat only, cooked, braised",,0
"beverages, tropical punch, ready-to-drink","fruit punch drink, frozen concentrate, prepared with water",14276,"beverages, tea, hibiscus, brewed",,0
"chicken, broilers or fryers, thigh, meat and skin, raw","chicken, broiler or fryers, thigh, meat and skin, raw",5091,"chicken, breast, flesh and skin, raw",,0
"bologna, meat and poultry","bologna, chicken, pork, beef",7971,"bologna, beef, low fat",,0
"fast foods, submarine sandwich, sweet onion chicken teriyaki on white bread with lettuce, tomato and sweet onion sauce","fast foods, crispy chicken, bacon, and tomato club sandwich, with cheese, lettuce, and mayonnaise",21151,"fast foods, submarine sandwich, with cold cuts",,0
"lamb, rib, separable lean only, trimmed to 1/4"" fat, choice, cooked, broiled","beef, rib, small end (ribs 10-12), separable lean only, trimmed to 1/8"" fat, choice, cooked, broiled",17033,"beef, rib, small end (ribs 10-12), separable lean only, trimmed to 1/8""fat, choice, cooked, broiled",,0
"fast foods, fried chicken, breast, meat only, skin and breading removed","chicken, broiler or fryers, breast, skinless, boneless, meat only, cooked, braised",21464,"chicken, flesh and skin, battered, deepfried",,0
"taquitos, frozen, beef and cheese, oven-heated","fast foods, taco with beef, cheese and lettuce, hard shell",32007,"burrito, bean and cheese, frozen",22918,0
"beverages, protein powder whey based","protein supplement, milk based, muscle milk, powder",14066,"whey, sweet, dried",514,0
"beverages, the coca-cola company, nos energy drink, original, grape, loaded cherry, charged citrus, fortified with vitamins b6 and b12","energy drink, vault, citrus flavor",14030,"energy drink, red bull, sugar free, with added caffeine, niacin, pantothenic acid, vitamins b6 and b12",14156,0
"alcoholic beverage, malt beer, hard lemonade",malt beverage,14239,"alcoholic beverage, beer, regular, all",14003,0
"candies, m&m mars pretzel chocolate candies","candies, mars snackfood us, m&m's peanut chocolate candies",19917,"candies, mars snackfood us, m&m's milk chocolate candies",19141,0
"cookie, with peanut butter filling, chocolate-coated","cookies, chocolate sandwich, with creme filling, regular, chocolate-coated",28290,"cookies, peanut butter, refrigerated dough",18187,0
"lamb, leg, whole (shank and sirloin), separable lean only, trimmed to 1/4"" fat, choice, cooked, roasted","lamb, leg, average values, raw",17014,"lamb, leg with fat, raw",,0
"beverages, cytosport, muscle milk, ready-to-drink","protein supplement, milk based, muscle milk, powder",14036,"protein supplement, milk based, muscle milk light, powder",1224,0
vitamin d as ingredient,"milk, dry, whole, with added vitamin d",999328,,,0
"beef, round, top round roast, boneless, separable lean only, trimmed to 0"" fat, all grades, raw","beef, round, top round roast, separable lean only, trimmed to 0"" fat, all grades, raw",23357,"beef, round, tip round, roast, separable lean only, trimmed to 0"" fat, all grades, raw",23651,0
"beverages, nestle, boost plus, nutritional drink, ready-to-drink",nutritional drink,14041,"meal supplement drink, nestle, supligen, canned, peanut flavor",14632,0
"beverages, protein powder soy based",soy protein isolate,14067,"soy, milk powder",959,0
"beverages, whey protein powder isolate",whey protein powder isolate,14058,"chocolate-flavored drink, whey and milk based",43369,0
"bread, roll, mexican, bollilo","bread, roll, mexican, bollilo",28288,"bread, white, roll",1131,0
"cereals ready-to-eat, nature's path, organic flax plus, pumpkin granola","cereals ready-to-eat, nature's path, organic flax plus, pumpkin granola",8571,"cereals ready-to-eat, nature's path, optimum",8502,0
"cookie, butter or sugar, with chocolate icing or filling","cookies, chocolate chip, prepared from recipe, made with butter",28293,"cookies, chocolate sandwich, with creme filling, regular, chocolate-coated",18167,0
"crackers, water biscuits","crackers, water biscuits",28327,"crackers, wheat, low salt",18428,0
"dip, bean, original flavor","dip, cheese with chili peppers, ready-to-serve",27065,"soup, black bean, canned, condensed",6002,0
"fast foods, breadstick, soft, prepared with garlic and parmesan cheese","fast foods, breadstick, soft, prepared with garlic and parmesan cheese",21520,"garlic bread, frozen",18963,0
"fast foods, breakfast burrito, with egg, cheese, and sausage","fast foods, croissant, with egg, cheese, and sausage",21519,"fast foods, bagel, with egg, sausage patty, cheese, and condiments",21410,0
"fast foods, chicken, breaded and fried, boneless pieces, plain","fast foods, chicken, breaded and fried, boneless pieces, plain",21229,"chicken, flesh and skin, deepfried",,0
"fast foods, fried chicken, breast, meat and skin and breading","fast foods, chicken fillet sandwich, plain",21469,"chicken, flesh and skin, deepfried",,0
"fast foods, fried chicken, drumstick, meat only, skin and breading removed","chicken, flesh only, raw",21465,"chicken, flesh and skin, deepfried",,0
"fast foods, fried chicken, thigh, meat and skin and breading","fast foods, chicken fillet sandwich, plain",21471,"chicken, flesh and skin, deepfried",,0
"fast foods, fried chicken, thigh, meat only, skin and breading removed","chicken, hen, flesh only",21466,"chicken, flesh and skin, battered, deepfried",,0
"lamb, composite of trimmed retail cuts, separable lean and fat, trimmed to 1/4"" fat, choice, cooked","beef, composite of trimmed retail cuts, separable lean and fat, trimmed to 1/4"" fat, choice, cooked",17002,"lambsquarters, cooked, boiled, drained, without salt",11245,0
"lamb, loin, separable lean only, trimmed to 1/4"" fat, choice, cooked, broiled","beef, tenderloin, steak, separable lean only, trimmed to 1/8"" fat, choice, cooked, broiled",17027,"lamb, loin, raw",,0
"lamb, shoulder, whole (arm and blade), separable lean only, trimmed to 1/4"" fat, choice, cooked, roasted","lamb, shoulder, whole (arm and blade), separable lean only, cooked, roasted",17042,"lamb, shoulder, raw",,0
"mango, dried, sweetened","mango, dried",9178,mango,600,0
"pizza rolls, frozen, unprepared","pizza, cheese topping, rising crust, frozen, cooked",32012,"pizza, frozen, average values",500,0
"potsticker or wonton, pork and vegetable, frozen, unprepared","peas and onions, frozen, unprepared",32013,"dumplings, average values",1003,0
rice crackers,rice crackers,25071,"rice cake, cracker (include hain mini rice cakes)",42204,0
"sauce, horseradish","horseradish, prepared",27066,horseradish,115,0
"sauce, peanut, made from peanut butter, water, soy sauce","peanut, butter",27059,soy sauce,950,0
"sausage, pork, chorizo, link or ground, cooked, pan-fried","sausage, italian, pork, cooked",100173,"smoked link sausage, pork",7074,0
"schiff,tiger's milk bar",milk,19000,"snacks, clif bar, mixed flavors",25051,0
"syrup, fruit flavored",fruit-flavor drink,19030,syrup,,0
"turkey ham, sliced, extra lean, prepackaged or deli-sliced","pork, cured, ham, extra lean (approximately 4% fat), canned, unheated",42128,"turkey breast, low salt, prepackaged or deli, luncheon meat",7046,0
"yellow rice with seasoning, dry packet mix, unprepared","rice, white, long-grain, parboiled, unenriched, dry",32011,"rice, white, long-grain, precooked or instant, enriched, prepared",20049,0
